122_0002_170929_091901_06_rear_1_1.jpg,2,CAIU8390381,45G1,
122_0008_170929_093534_06_rear_0_1.jpg,2,CAIU840312,45G1,
122_0009_170929_094703_06_rear_1_1.jpg,2,GESU6269305,45G1,
122_0010_170929_094901_06_rear_0_0.jpg,2,FCIU8276891,45G1,
122_0028_170929_104833_06_rear_0_0.jpg,3,HJCU,1561143,45G1
122_0030_170929_105249_06_rear_1_1.jpg,2,TCLU5285671,45G1,
122_0042_170929_114035_06_rear_1_1.jpg,2,TGCU0151351,45G1,
122_0043_170929_114238_06_rear_1_0.jpg,3,HJCU,1238146,45G1
122_0055_170929_124708_06_rear_0_1.jpg,2,FSCU9611150,45G1,
122_0056_170929_125147_06_rear_1_1.jpg,2,TCNU5055974,45G1,
122_0057_170929_125757_06_rear_1_1.jpg,2,DRYU9600077,45G1,
122_0058_170929_130455_06_rear_1_0.jpg,2,TRLU8151206,45G1,
122_0059_170929_133412_06_rear_0_0.jpg,2,TCNU6936029,45G1,
122_0063_170929_134550_06_rear_1_1.jpg,2,HJSU9600799,45G1,
122_0067_170929_141026_06_rear_0_0.jpg,3,SENU,5068700,45G1
122_0068_170929_142225_06_rear_1_0.jpg,3,HJCU,1929488,45G1
122_0069_170929_142529_06_rear_1_0.jpg,3,HJCU,1312670,45G1
122_0071_170929_151709_06_rear_0_0.jpg,3,HJCU,1520890,45G1
122_0074_170929_153321_06_rear_1_1.jpg,2,DRYU9287722,45G1,
122_0080_170929_160332_06_rear_1_1.jpg,2,BMOU5902231,45G1,
122_0082_170929_160756_06_rear_1_0.jpg,2,TTNU9270469,45G1,
122_0083_170929_161037_06_rear_1_1.jpg,2,DFSU632508,45G1,
122_0084_170929_161246_06_rear_0_1.jpg,2,TCNU6976058,45G1,
122_0087_170929_161935_06_rear_1_1.jpg,2,DFSU7307292,45G1,
122_0096_170929_165019_06_rear_0_1.jpg,2,CAIU8856588,45G1,
122_0104_170929_171638_06_rear_1_1.jpg,2,CRSU9327285,45G1,
122_0108_170929_173429_06_rear_1_1.jpg,2,TCNU6920085,45G1,
122_0109_170929_173559_06_rear_0_0.jpg,3,HJCU,1905824,45G1
122_0110_170929_174706_06_rear_1_0.jpg,2,SEGU4320104,45G1,
122_0112_170929_202846_06_rear_x_x.jpg,2,DFSU7589196,45G1,
122_0133_170929_221516_06_rear_1_1.jpg,2,GESU6761383,45G1,
122_0144_170929_225432_06_rear_1_1.jpg,2,DRYU9609670,45G1,
122_0147_170929_230107_06_rear_0_0.jpg,3,SENU,5032138,45G1
122_0156_170929_232652_06_rear_1_1.jpg,2,TCNU7529080,45G1,
122_0157_170929_233118_06_rear_0_0.jpg,2,TCNU868267,45G1,
122_0158_170929_233343_06_rear_0_0.jpg,3,HJCU,1463492,45G1
first11.png,2,TCLU4466633,42G1,
first13.png,3,HJCU,1932244,45G1
first14.png,3,HJCU,1932244,45G1
first16.png,3,HJCU,1405686,45G1
first17.png,3,HJCU,4401597,42G1
first18.png,2,CAIU8445801,45G1,
first20.png,2,TCNU7071336,45G1,
first22.png,2,TEMU8103968,45G1,
first23.png,2,TCNU4385009,45G1,
first24.png,2,TCNU4385009,45G1,
first25.png,2,TGHU6203954,45G1,
first26.png,2,TGHU6203954,45G1,
first27.png,2,BMOU4916890,45G1,
first28.png,2,BMOU4916890,45G1,
first29.png,2,TCNU5022501,45G1,
first30.png,2,TCNU5022501,45G1,
first32.png,3,HJCU,4928309,42G1
first33.png,2,HJCU4437239,42G1,
first34.png,2,HJCU4437239,42G1,
first35.png,2,GESU6765389,45G1,
first36.png,2,GESU6765389,45G1,
first38.png,3,HJCU,4959716,42G1
first4.png,2,BMOU4916890,45G1,
first5.png,2,TCNU7071336,45G1,
first6.png,2,TCNU7071336,45G1,
first7.png,2,DRYU9603292,45G1,
first8.png,2,TCNU4385009,45G1,
first9.png,2,TCNU4385009,45G1,
